<?xml version="1.0" encoding="UTF-8"?>
<metadata modelVersion="1.1.0">
  <groupId>org.cache2k.benchmark</groupId>
  <artifactId>traces</artifactId>
  <version>0.22-SNAPSHOT</version>
  <versioning>
    <snapshot>
      <localCopy>true</localCopy>
    </snapshot>
    <lastUpdated>20210312141414</lastUpdated>
    <snapshotVersions>
      <snapshotVersion>
        <extension>jar</extension>
        <value>0.22-SNAPSHOT</value>
        <updated>20210312141414</updated>
      </snapshotVersion>
      <snapshotVersion>
        <extension>pom</extension>
        <value>0.22-SNAPSHOT</value>
        <updated>20210312141414</updated>
      </snapshotVersion>
    </snapshotVersions>
  </versioning>
</metadata>
